Datetime,Water Level (m)
2025-10-22 00:00:00,-0.21947451
2025-10-22 01:00:00,-0.37848392
2025-10-22 02:00:00,-0.351649
2025-10-22 03:00:00,0.03704151
2025-10-22 04:00:00,0.40814492
2025-10-22 05:00:00,0.70920575
2025-10-22 06:00:00,0.87974125
2025-10-22 07:00:00,0.8549469
2025-10-22 08:00:00,0.6045081
2025-10-22 09:00:00,0.33213535
2025-10-22 10:00:00,0.10730537
2025-10-22 11:00:00,-0.102233775
2025-10-22 12:00:00,-0.29755896
2025-10-22 13:00:00,-0.44751325
2025-10-22 14:00:00,-0.38777137
2025-10-22 15:00:00,0.061666496
2025-10-22 16:00:00,0.4682278
2025-10-22 17:00:00,0.81349987
2025-10-22 18:00:00,1.0378562
2025-10-22 19:00:00,1.0918934
2025-10-22 20:00:00,0.9054315
2025-10-22 21:00:00,0.5956479
2025-10-22 22:00:00,0.34195167
2025-10-22 23:00:00,0.121559545
2025-10-23 00:00:00,-0.08709519
2025-10-23 01:00:00,-0.27328318
2025-10-23 02:00:00,-0.3837266
2025-10-23 03:00:00,-0.10074418
2025-10-23 04:00:00,0.321689
2025-10-23 05:00:00,0.64306825
2025-10-23 06:00:00,0.85180825
2025-10-23 07:00:00,0.8829996
2025-10-23 08:00:00,0.7015192
2025-10-23 09:00:00,0.42804995
2025-10-23 10:00:00,0.19894238
2025-10-23 11:00:00,-0.010114345
2025-10-23 12:00:00,-0.20323013
2025-10-23 13:00:00,-0.37539652
2025-10-23 14:00:00,-0.46448475
2025-10-23 15:00:00,-0.15713029
2025-10-23 16:00:00,0.2753032
2025-10-23 17:00:00,0.66155595
2025-10-23 18:00:00,0.9622402
2025-10-23 19:00:00,1.1001983
2025-10-23 20:00:00,1.0254269
2025-10-23 21:00:00,0.73200244
2025-10-23 22:00:00,0.46016958
2025-10-23 23:00:00,0.22868226
2025-10-24 00:00:00,0.020172918
2025-10-24 01:00:00,-0.17050363
2025-10-24 02:00:00,-0.31748542
2025-10-24 03:00:00,-0.28505775
2025-10-24 04:00:00,0.14048627
2025-10-24 05:00:00,0.48730782
2025-10-24 06:00:00,0.74187636
2025-10-24 07:00:00,0.8618157
2025-10-24 08:00:00,0.7816738
2025-10-24 09:00:00,0.5250676
2025-10-24 10:00:00,0.28655934
2025-10-24 11:00:00,0.077452354
2025-10-24 12:00:00,-0.11920579
2025-10-24 13:00:00,-0.29913455
2025-10-24 14:00:00,-0.42730546
2025-10-24 15:00:00,-0.3358196
2025-10-24 16:00:00,0.08691125
2025-10-24 17:00:00,0.4758584
2025-10-24 18:00:00,0.80443585
2025-10-24 19:00:00,1.0186687
2025-10-24 20:00:00,1.0588974
2025-10-24 21:00:00,0.8695116
2025-10-24 22:00:00,0.576986
2025-10-24 23:00:00,0.33430088
2025-10-25 00:00:00,0.120938525
2025-10-25 01:00:00,-0.075347595
2025-10-25 02:00:00,-0.24193524
2025-10-25 03:00:00,-0.32435274
2025-10-25 04:00:00,-0.06204207
2025-10-25 05:00:00,0.30718735
2025-10-25 06:00:00,0.58171713
2025-10-25 07:00:00,0.7564093
2025-10-25 08:00:00,0.7724394
2025-10-25 09:00:00,0.5954197
2025-10-25 10:00:00,0.35573328
2025-10-25 11:00:00,0.1455853
2025-10-25 12:00:00,-0.04682351
2025-10-25 13:00:00,-0.22339188
2025-10-25 14:00:00,-0.37320408
2025-10-25 15:00:00,-0.4212569
2025-10-25 16:00:00,-0.10877657
2025-10-25 17:00:00,0.27066094
2025-10-25 18:00:00,0.61006385
2025-10-25 19:00:00,0.87242895
2025-10-25 20:00:00,0.99898434
2025-10-25 21:00:00,0.9369325
2025-10-25 22:00:00,0.67733985
2025-10-25 23:00:00,0.42368895
2025-10-26 00:00:00,0.20769179
2025-10-26 01:00:00,0.02017871
2025-10-26 02:00:00,-0.15179656
2025-10-26 03:00:00,-0.27291313
2025-10-26 04:00:00,-0.22408967
2025-10-26 05:00:00,0.12163723
2025-10-26 06:00:00,0.40666527
2025-10-26 07:00:00,0.6114511
2025-10-26 08:00:00,0.71071345
2025-10-26 09:00:00,0.65082073
2025-10-26 10:00:00,0.43614146
2025-10-26 11:00:00,0.22500813
2025-10-26 12:00:00,0.035981666
2025-10-26 13:00:00,-0.13595662
2025-10-26 14:00:00,-0.28724802
2025-10-26 15:00:00,-0.37642574
2025-10-26 16:00:00,-0.23009461
2025-10-26 17:00:00,0.12128438
2025-10-26 18:00:00,0.4447589
2025-10-26 19:00:00,0.71794295
2025-10-26 20:00:00,0.90133667
2025-10-26 21:00:00,0.9477962
2025-10-26 22:00:00,0.80843836
2025-10-26 23:00:00,0.55393904
2025-10-27 00:00:00,0.33095157
2025-10-27 01:00:00,0.13918176
2025-10-27 02:00:00,-0.02873868
2025-10-27 03:00:00,-0.16082129
2025-10-27 04:00:00,-0.20690766
2025-10-27 05:00:00,-0.005617748
2025-10-27 06:00:00,0.28810102
2025-10-27 07:00:00,0.5063689
2025-10-27 08:00:00,0.6420096
2025-10-27 09:00:00,0.6687584
2025-10-27 10:00:00,0.55269307
2025-10-27 11:00:00,0.35842714
2025-10-27 12:00:00,0.17219925
2025-10-27 13:00:00,0.0052130064
2025-10-27 14:00:00,-0.14147793
2025-10-27 15:00:00,-0.2539447
2025-10-27 16:00:00,-0.25894734
2025-10-27 17:00:00,0.0014806042
2025-10-27 18:00:00,0.31763542
2025-10-27 19:00:00,0.59309304
2025-10-27 20:00:00,0.8088911
2025-10-27 21:00:00,0.93311936
2025-10-27 22:00:00,0.94411904
2025-10-27 23:00:00,0.7934184
2025-10-28 00:00:00,0.5543167
